id|location|neighborhood|net_aff_units|net_units
0|(37.7203939917, -122.452521)|Ocean View|0|1
1|(37.7744289168, -122.421110)|Downtown/Civic Center|5|35
2|(37.7692014331, -122.403473)|Soma|0|560
3|(37.7507228458, -122.414398)|Mission|0|1
4|(37.7810723620, -122.456522)|Inner Richmond|0|13
5|(37.7316033454, -122.466341)|West of Twin Peaks|0|1
6|(37.7285638384, -122.432103)|Outer Mission|0|2
7|(37.7647823807, -122.394109)|Potrero Hill|5|12
8|(37.7190448298, -122.389037)|Bayview|0|1
9|(37.7536194639, -122.394042)|Potrero Hill|3|28
10|(37.7666898720, -122.397182)|Soma|94|393
11|(37.7818037359, -122.415897)|Downtown/Civic Center|10|85
12|(37.7117660653, -122.405831)|Visitacion Valley|0|3
13|(37.7652324781, -122.452420)|Haight Ashbury|0|4
14|(37.7185391968, -122.388233)|Bayview|0|1
15|(37.7568322350, -122.401149)|Potrero Hill|0|2
16|(37.7567530763, -122.402460)|Potrero Hill|0|1
17|(37.7720172859, -122.440249)|Haight Ashbury|0|1
18|(37.7972167593, -122.413811)|Russian Hill|0|6
19|(37.7529043718, -122.393348)|Potrero Hill|0|1
20|(37.7818834810, -122.411323)|Downtown/Civic Center|0|186
21|(37.7090593769, -122.423833)|Crocker Amazon|0|2
22|(37.7963705567, -122.412263)|Nob Hill|0|6
23|(37.7864341618, -122.420065)|Downtown/Civic Center|0|9
24|(37.7805850084, -122.409786)|Soma|83|83
25|(37.7532771829, -122.394009)|Potrero Hill|0|2
26|(37.7584373354, -122.388988)|Potrero Hill|0|2
27|(37.7866015637, -122.419640)|Downtown/Civic Center|0|1
28|(37.7541910458, -122.398956)|Potrero Hill|0|1
29|(37.7337909400, -122.417782)|Bernal Heights|0|2
30|(37.7954586092, -122.412286)|Nob Hill|0|1
31|(37.7559439906, -122.421318)|Mission|0|15
32|(37.7636922120, -122.446738)|Haight Ashbury|0|1
33|(37.7530033585, -122.393982)|Potrero Hill|0|2
34|(37.7191086990, -122.389150)|Bayview|0|1
35|(37.7817990067, -122.411742)|Downtown/Civic Center|0|304
36|(37.7806442145, -122.411615)|Soma|0|90
37|(37.7561577623, -122.402056)|Potrero Hill|0|1
38|(37.7282105051, -122.398218)|Bayview|0|1
39|(37.7193339273, -122.392284)|Bayview|0|1
40|(37.7803286884, -122.412014)|Soma|0|202
41|(37.7399966963, -122.422307)|Bernal Heights|0|1
42|(37.7376079744, -122.437044)|Glen Park|0|1
43|(37.7349519249, -122.397981)|Bayview|0|1
44|(37.7162143772, -122.406088)|Visitacion Valley|0|1
45|(37.7803534879, -122.429509)|Western Addition|98|98
46|(37.7544079493, -122.406811)|Mission|0|3
47|(37.7540269229, -122.408580)|Mission|0|1
48|(37.7540362493, -122.406083)|Mission|0|1
49|-|Soma|0|1
50|(37.7232681294, -122.454562)|Ocean View|0|1
51|(37.7859109754, -122.470750)|Inner Richmond|0|1
52|(37.7268601150, -122.415848)|Excelsior|0|1
53|(37.7721654228, -122.439365)|Haight Ashbury|0|1
54|(37.7543069487, -122.399317)|Potrero Hill|0|1
55|(37.7186769610, -122.400654)|Visitacion Valley|0|1
56|(37.7535928379, -122.407079)|Mission|0|1
57|(37.7797562709, -122.412736)|Soma|0|164
58|(37.7641244235, -122.470017)|Inner Sunset|0|4
59|(37.7572329386, -122.388876)|Potrero Hill|0|1
60|(37.7721377032, -122.442023)|Haight Ashbury|0|-2
61|RSUCRE|Soma|13|112
62|(37.7247387172, -122.414194)|Excelsior|0|1
63|-|-|0|54
64|(37.7998925131, -122.403953)|North Beach|0|1
65|(37.7119696936, -122.456232)|Ocean View|0|2
66|(37.8016015930, -122.405750)|North Beach|0|3
67|(37.7652505860, -122.472542)|Inner Sunset|0|2
68|(37.7547084793, -122.416840)|Mission|0|1
69|(37.7537094516, -122.406744)|Mission|0|2
70|(37.7792227726, -122.413409)|Soma|0|11
71|(37.7428227962, -122.417900)|Bernal Heights|0|1
72|(37.7906167276, -122.414946)|Nob Hill|0|3
73|(37.7773699199, -122.436005)|Western Addition|0|-2
74|(37.7291861810, -122.382995)|Bayview|0|1
75|(37.7629443092, -122.452568)|Inner Sunset|0|1
76|(37.7628731218, -122.452553)|Inner Sunset|0|2
77|(37.7233349901, -122.456463)|Ocean View|0|1
78|JKUGLER|Soma|0|42
79|(37.7540655441, -122.420487)|Mission|0|1
80|(37.7293857768, -122.383347)|Bayview|0|1
81|RSUCRE|Soma|0|39
82|(37.7146829205, -122.468278)|Ocean View|0|1
83|(37.7122429973, -122.437913)|Crocker Amazon|0|1
84|(37.7652358042, -122.472110)|Inner Sunset|0|1
85|(37.7532979612, -122.407607)|Mission|0|1
86|(37.7539317730, -122.421184)|Mission|0|52
87|(37.7661247088, -122.395473)|Potrero Hill|0|395
88|(37.7646747841, -122.490898)|Outer Sunset|0|1
89|(37.7869436097, -122.420986)|Downtown/Civic Center|0|135
90|(37.7559279758, -122.388603)|Potrero Hill|34|259
91|(37.7160294558, -122.473170)|Lakeshore|0|299
92|(37.7539201032, -122.405725)|Mission|0|2
93|(37.7811960138, -122.437660)|Western Addition|0|1
94|(37.7209163434, -122.389006)|Bayview|0|2
95|(37.7129377246, -122.466877)|Ocean View|0|1
96|(37.7119469765, -122.436379)|Crocker Amazon|0|1
97|(37.7498370308, -122.424540)|Mission|0|3
98|-|Soma|0|24
99|(37.7575961417, -122.442061)|Castro/Upper Market|0|1
100|(37.7647251228, -122.479044)|Outer Sunset|0|1
101|(37.7464361987, -122.450489)|Twin Peaks|0|1
102|(37.7986478663, -122.407002)|North Beach|0|4
103|(37.7646824367, -122.476875)|Inner Sunset|0|2
104|(37.7652681893, -122.457341)|Inner Sunset|0|2
105|(37.7634520517, -122.504737)|Outer Sunset|0|2
106|(37.7879292460, -122.420824)|Downtown/Civic Center|4|37
107|(37.7649140459, -122.396544)|Potrero Hill|0|3
108|(37.7645597991, -122.479672)|Outer Sunset|0|1
109|(37.7731265038, -122.424492)|Western Addition|0|5
110|(37.7895520942, -122.418548)|Nob Hill|0|3
111|(37.7636446638, -122.497224)|Outer Sunset|0|1
112|-|-|0|2
113|(37.8003130052, -122.437535)|Marina|0|1
114|CFORDHAM|Russian Hill|0|20
115|(37.7642170351, -122.479648)|Outer Sunset|0|1
116|(37.7722522789, -122.425133)|Western Addition|0|2
117|(37.7487370866, -122.431327)|Noe Valley|0|1
118|(37.7852732100, -122.483293)|Outer Richmond|0|1
119|(37.7709840977, -122.427208)|Western Addition|0|4
120|(37.7432997831, -122.460148)|West of Twin Peaks|0|1
121|(37.7641077529, -122.477551)|Outer Sunset|0|2
122|(37.7638666251, -122.482850)|Outer Sunset|0|1
123|(37.7518161535, -122.407465)|Mission|0|1
124|(37.7640745401, -122.460658)|Inner Sunset|0|1
125|(37.7523096416, -122.420977)|Mission|0|35
126|(37.7425784611, -122.418058)|Bernal Heights|0|1
127|(37.8007238861, -122.420683)|Russian Hill|0|-1
128|(37.7279195600, -122.384763)|Bayview|0|1
129|(37.7221253373, -122.392796)|Bayview|0|9
130|DVU|Soma|0|125
131|(37.7522359491, -122.413258)|Mission|0|1
132|(37.7453864868, -122.435423)|Noe Valley|0|1
133|(37.7714019595, -122.391772)|Soma|0|143
134|(37.7658451455, -122.400239)|Potrero Hill|0|276
135|(37.7803894323, -122.430728)|Western Addition|0|1
136|(37.7511146781, -122.408250)|Mission|0|1
137|(37.7646797618, -122.396413)|Potrero Hill|0|9
138|(37.7276210028, -122.418165)|Excelsior|0|1
139|(37.7622323393, -122.448944)|Haight Ashbury|0|1
140|(37.7509966058, -122.407344)|Mission|0|1
141|(37.7618608058, -122.441275)|Castro/Upper Market|0|1
142|(37.7630610704, -122.477466)|Outer Sunset|0|1
143|(37.7531363165, -122.400172)|Potrero Hill|0|2
144|(37.7618364605, -122.506773)|Outer Sunset|0|1
145|(37.7236960262, -122.456658)|Ocean View|0|1
146|(37.7508570883, -122.407374)|Mission|0|1
147|(37.7526737740, -122.404008)|Mission|0|1
148|(37.7617716554, -122.502052)|Outer Sunset|0|1
149|(37.7857338101, -122.425605)|Western Addition|0|231
150|(37.7635206950, -122.462311)|Inner Sunset|0|1
151|RSUCRE|Soma|0|65
152|(37.7903301147, -122.419308)|Nob Hill|0|20
153|(37.8001114619, -122.421504)|Russian Hill|0|4
154|(37.8026386556, -122.427182)|Marina|0|1
155|(37.7505196226, -122.408245)|Mission|0|1
156|(37.7425798606, -122.480754)|Parkside|0|1
157|(37.7821475693, -122.415966)|Downtown/Civic Center|0|51
158|(37.7941998905, -122.410648)|Nob Hill|0|5
159|(37.7288411778, -122.385718)|Bayview|0|1
160|(37.7621634172, -122.485298)|Outer Sunset|0|1
161|(37.7943941308, -122.417189)|Nob Hill|0|1
162|(37.7988259178, -122.434803)|Marina|0|4
163|SOMA- SOUTH PARK|Soma|0|1
164|(37.7956907705, -122.417699)|Nob Hill|0|1
165|(37.7628132414, -122.465896)|Inner Sunset|0|1
166|(37.7956826009, -122.417763)|Nob Hill|0|1
167|(37.7901746294, -122.418398)|Nob Hill|0|3
168|(37.7404082740, -122.384452)|Bayview|0|1
169|(37.7295133454, -122.385831)|Bayview|0|2
170|(37.7327135466, -122.408098)|Excelsior|0|1
171|-|Soma|0|68
172|(37.7562034242, -122.393594)|Potrero Hill|0|256
173|(37.7286367346, -122.387023)|Bayview|0|1
174|(37.7700132208, -122.423497)|Mission|0|2
175|(37.7671083415, -122.396595)|Soma|0|65
176|(37.7610063056, -122.487915)|Outer Sunset|0|1
177|(37.7482552428, -122.426790)|Noe Valley|0|1
178|(37.7238951768, -122.457594)|Ocean View|0|6
179|(37.7615543678, -122.470765)|Inner Sunset|0|1
180|(37.7596583269, -122.508349)|Outer Sunset|0|1
181|(37.7883632539, -122.420841)|Downtown/Civic Center|0|34
182|(37.7902656481, -122.420299)|Nob Hill|0|63
183|(37.7609862083, -122.421230)|Mission|0|1
184|(37.7611900902, -122.469665)|Inner Sunset|0|1
185|(37.7327935595, -122.387682)|Bayview|0|1
186|(37.7435369076, -122.407203)|Bernal Heights|0|1
187|(37.7499918377, -122.415690)|Mission|0|2
188|(37.7670915644, -122.416833)|Mission|3|23
189|(37.7880562912, -122.423253)|Western Addition|9|69
190|(37.7635671486, -122.398125)|Potrero Hill|0|1
191|(37.7607671066, -122.476188)|Inner Sunset|0|1
192|(37.7610326757, -122.468577)|Inner Sunset|0|1
193|(37.7963395157, -122.421087)|Russian Hill|0|8
194|(37.8012555792, -122.408791)|North Beach|0|2
195|(37.7715099132, -122.444904)|Haight Ashbury|0|1
196|(37.8008589105, -122.425496)|Marina|0|7
197|(37.7684589153, -122.421094)|Mission|0|45
198|(37.7300509907, -122.387849)|Bayview|0|1
199|(37.7327495639, -122.388200)|Bayview|0|1
200|(37.7950610382, -122.419425)|Nob Hill|0|9
201|(37.7782758913, -122.436398)|Western Addition|0|3
202|(37.7589664425, -122.507642)|Outer Sunset|0|1
203|(37.7599102176, -122.484724)|Outer Sunset|0|1
204|(37.7245330026, -122.457882)|West of Twin Peaks|0|13
205|(37.7603204126, -122.470679)|Inner Sunset|0|1
206|-|Soma|0|13
207|(37.7863074569, -122.394352)|Soma|0|1
208|(37.7436591110, -122.406896)|Bernal Heights|0|1
209|(37.7662988444, -122.420121)|Mission|0|13
210|(37.7209489756, -122.438681)|Outer Mission|0|1
211|(37.7663134184, -122.415759)|Mission|0|1
212|(37.7327266289, -122.409353)|Excelsior|0|1
213|CESPIRIT|297-6493|0|2
214|(37.7434667113, -122.407232)|Bernal Heights|0|3
215|(37.7129604602, -122.458832)|Ocean View|0|2
216|(37.7658462455, -122.420208)|Mission|0|157
217|(37.7694254060, -122.425950)|Mission|0|88
218|(37.7183888636, -122.452542)|Ocean View|0|1
219|(37.7497758180, -122.507788)|Outer Sunset|0|2
220|(37.7733128308, -122.448755)|Haight Ashbury|0|1
221|(37.7990596296, -122.432024)|Marina|0|2
222|(37.7655813755, -122.419123)|Mission|0|351
223|(37.7700962835, -122.422686)|Mission|0|28
224|(37.7384878582, -122.397734)|Bayview|0|1
225|(37.7506436036, -122.478108)|Outer Sunset|0|1
226|(37.7575693117, -122.412055)|Mission|0|1
227|(37.7541962916, -122.421905)|Mission|0|1
228|(37.7772083449, -122.459126)|Inner Richmond|0|1
229|(37.7710538871, -122.423117)|Mission|0|3
230|(37.7580106722, -122.419583)|Mission|0|1
231|(37.8012685251, -122.444491)|Marina|0|1
232|(37.7828582053, -122.492132)|Outer Richmond|0|1
233|(37.7421253625, -122.502318)|Parkside|0|1
234|(37.7811714290, -122.454880)|Inner Richmond|0|23
235|(37.7488365910, -122.417254)|Mission|0|5
236|(37.7092264780, -122.443650)|Crocker Amazon|0|1
237|(37.7707979720, -122.431159)|Western Addition|0|1
238|(37.7795785346, -122.470292)|Inner Richmond|0|1
239|(37.7682808096, -122.423526)|Mission|0|1
240|(37.7806293793, -122.490887)|Outer Richmond|0|2
241|(37.7362024195, -122.390594)|Bayview|1|1
242|(37.7374724710, -122.412388)|Bernal Heights|0|1
243|(37.7587824580, -122.441165)|Castro/Upper Market|0|1
244|(37.7804829710, -122.492618)|Outer Richmond|0|1
245|(37.7581806239, -122.408424)|Mission|0|1
246|(37.7468757324, -122.450958)|Twin Peaks|0|1
247|(37.7830519002, -122.421646)|Downtown/Civic Center|0|120
248|(37.7872968008, -122.492644)|Seacliff|0|1
249|(37.7346702889, -122.436199)|Glen Park|0|1
250|(37.7888008535, -122.414204)|Downtown/Civic Center|2|27
251|(37.8022612799, -122.415252)|Russian Hill|0|1
252|(37.7598043593, -122.416615)|Mission|0|3
253|(37.7726035166, -122.508578)|Outer Richmond|0|1
254|(37.7599001658, -122.438506)|Castro/Upper Market|0|4
255|(37.7465793431, -122.426659)|Noe Valley|0|1
256|GMOSQUER|Downtown/Civic Center|50|429
257|KGUY|Soma|110|550
258|(37.7386357561, -122.386915)|Bayview|0|1
259|(37.7781946107, -122.436921)|Western Addition|0|1
260|(37.7589449510, -122.492137)|Outer Sunset|0|1
261|(37.7960937855, -122.415924)|Nob Hill|0|2
262|(37.7526811564, -122.394124)|Potrero Hill|0|1
263|(37.7478610740, -122.407848)|Bernal Heights|0|1
264|(37.7481252875, -122.406867)|Bernal Heights|0|2
265|(37.7592157491, -122.483005)|Outer Sunset|0|1
266|(37.7490274554, -122.414995)|Mission|20|160
267|(37.7594350262, -122.476457)|Inner Sunset|0|1
268|(37.7246572059, -122.458707)|West of Twin Peaks|0|3
269|(37.7447351512, -122.414655)|Bernal Heights|0|1
270|(37.7591499445, -122.479709)|Outer Sunset|0|1
271|(37.7374766133, -122.395926)|Bayview|0|1
272|(37.7669648983, -122.418317)|Mission|0|1
273|(37.7642211224, -122.398313)|Potrero Hill|0|2
274|(37.7593679780, -122.460648)|Inner Sunset|55|374
275|(37.7580100231, -122.503938)|Outer Sunset|0|1
276|RSUCRE|Soma|22|136
277|-|Soma|0|15
278|(37.7246970411, -122.458779)|West of Twin Peaks|0|8
279|TCHANG|Downtown/Civic Center|0|180
280|(37.7822093470, -122.476015)|Inner Richmond|0|2
281|(37.7892721056, -122.421211)|Nob Hill|12|107
282|KGUY|Downtown/Civic Center|13|110
283|(37.7160433563, -122.407165)|Visitacion Valley|0|-2
284|(37.7889652649, -122.423985)|Western Addition|0|1
285|(37.7445982341, -122.414641)|Bernal Heights|0|1
286|(37.7585938445, -122.481403)|Outer Sunset|0|1
287|(37.8022039889, -122.430598)|Marina|0|1
288|(37.7443508669, -122.424816)|Noe Valley|0|1
289|JBANALES|415-682-8060|0|4
290|(37.7792126119, -122.436768)|Western Addition|0|1
291|(37.8033706707, -122.433052)|Marina|0|28
292|(37.7439845860, -122.424018)|Bernal Heights|0|1
293|(37.7963282140, -122.416060)|Nob Hill|0|2
294|(37.7470932081, -122.465115)|West of Twin Peaks|0|1
295|(37.7242977931, -122.459377)|Ocean View|4|31
296|(37.7738914636, -122.420030)|Soma|107|584
297|(37.7632362408, -122.399761)|Potrero Hill|0|145
298|(37.7774168533, -122.439079)|Western Addition|0|4
299|(37.7629330742, -122.398992)|Potrero Hill|0|154
300|(37.7927787308, -122.419763)|Nob Hill|0|27
301|TCHANG|Soma|0|220
302|(37.7608311328, -122.419828)|Mission|0|1
303|(37.7279663657, -122.414352)|Excelsior|0|1
304|(37.7348327166, -122.391283)|Bayview|0|1
305|(37.7441034870, -122.407400)|Bernal Heights|0|1
306|(37.7555053505, -122.440615)|Noe Valley|0|2
307|(37.7821737670, -122.476787)|Inner Richmond|0|1
308|(37.7714457289, -122.445927)|Haight Ashbury|0|1
309|(37.7349523518, -122.391494)|Bayview|0|2
310|(37.7895929744, -122.422951)|Western Addition|31|260
311|(37.7883725262, -122.424292)|Western Addition|0|1
312|(37.7557657734, -122.508493)|Outer Sunset|0|1
313|(37.7575597570, -122.467263)|Inner Sunset|0|1
314|(37.7444322569, -122.412254)|Bernal Heights|0|1
315|(37.7300330660, -122.406463)|Excelsior|0|2
316|(37.7959125169, -122.424471)|Pacific Heights|0|34
317|(37.7859040324, -122.429080)|Western Addition|0|4
318|(37.7570047607, -122.449807)|Twin Peaks|0|1
319|(37.7426069240, -122.418731)|Bernal Heights|0|1
320|GCABRERO|664.9900x201|0|7
321|(37.7364132781, -122.393000)|Bayview|0|2
322|(37.7275608239, -122.420724)|Excelsior|0|1
323|(37.7272726095, -122.393707)|Bayview|0|3
324|(37.7846584593, -122.410696)|Downtown/Civic Center|0|113
325|-|Soma|0|4
326|(37.7567248430, -122.466662)|Inner Sunset|0|1
327|(37.7723347315, -122.421943)|Soma|0|160
328|-|Soma|0|13
329|(37.7138227243, -122.444312)|Outer Mission|0|1
330|(37.7904954065, -122.423027)|Pacific Heights|0|5
331|(37.7729534144, -122.422447)|Western Addition|5|42
332|(37.7563826347, -122.466062)|Inner Sunset|0|6
333|(37.7360344384, -122.392332)|Bayview|0|1
334|(37.7554179313, -122.484343)|Outer Sunset|0|1
335|(37.7693593026, -122.420399)|Mission|0|36
336|(37.8003213900, -122.430031)|Marina|0|14
337|(37.8006826227, -122.411288)|Russian Hill|0|18
338|(37.7368796118, -122.392156)|Bayview|0|1
339|(37.7993028970, -122.428160)|Marina|0|1
340|(37.7725441769, -122.423102)|Western Addition|0|100
341|(37.7363734006, -122.392930)|Bayview|0|1
342|(37.7416204681, -122.423846)|Bernal Heights|0|1
343|(37.7436782801, -122.407147)|Bernal Heights|0|1
344|(37.7295896209, -122.426603)|Excelsior|0|1
345|(37.7334393463, -122.392753)|Bayview|0|1
346|(37.7553555415, -122.468599)|Inner Sunset|0|1
347|(37.7399317865, -122.427288)|Glen Park|0|1
348|(37.7552869869, -122.468594)|Inner Sunset|0|1
349|(37.8040033973, -122.438357)|Marina|0|1
350|(37.7552366931, -122.468174)|Inner Sunset|0|1
351|(37.7111229830, -122.458290)|Ocean View|0|1
352|(37.7965988450, -122.426678)|Pacific Heights|0|1
353|(37.7337184902, -122.393246)|Bayview|0|1
354|(37.7339815727, -122.393115)|Bayview|0|1
355|(37.7662063240, -122.423806)|Mission|0|8
356|(37.7338047546, -122.402861)|Bayview|0|1
357|(37.7291965863, -122.440091)|Outer Mission|0|2
358|(37.7672656861, -122.419462)|Mission|0|54
359|(37.7867939008, -122.430325)|Western Addition|0|6
360|(37.7864908612, -122.438602)|Western Addition|0|1
361|DOWNTOWN- OFFICE (SPECIAL DEVELOPMENT)|Financial District|0|74
362|(37.7991719963, -122.413752)|Russian Hill|0|1
363|(37.7536270279, -122.479325)|Outer Sunset|0|1
364|(37.7792856504, -122.439381)|Western Addition|0|7
365|(37.7665929457, -122.424898)|Mission|0|1
366|(37.7286895621, -122.387488)|Bayview|0|1
367|(37.7948554571, -122.420173)|Nob Hill|0|1
368|(37.7263279883, -122.432852)|Excelsior|0|1
369|(37.7526737902, -122.488510)|Outer Sunset|0|1
370|(37.7929112553, -122.422414)|Nob Hill|0|35
371|(37.7712613923, -122.424673)|Western Addition|0|9
372|(37.7403321532, -122.426374)|Glen Park|0|1
373|(37.7134244541, -122.458623)|Ocean View|0|1
374|(37.7785793624, -122.441528)|Western Addition|0|2
375|(37.7825211094, -122.479257)|Outer Richmond|0|3
376|(37.7314199081, -122.496791)|Lakeshore|0|1
377|(37.7837500961, -122.409494)|Downtown/Civic Center|0|110
378|(37.7891288866, -122.459822)|Presidio Heights|0|1
379|(37.7467388563, -122.405385)|Bernal Heights|0|1
380|(37.7209188605, -122.435324)|Excelsior|0|1
381|(37.7665356372, -122.420109)|Mission|0|9
382|(37.7436075773, -122.407175)|Bernal Heights|0|1
383|(37.7353930182, -122.395590)|Bayview|0|1
384|(37.7599981028, -122.400514)|Potrero Hill|0|2
385|(37.7205047819, -122.483875)|Lakeshore|0|64
386|(37.7449816858, -122.415841)|Bernal Heights|0|1
387|(37.7098754698, -122.443591)|Crocker Amazon|0|1
388|(37.7312411623, -122.400370)|Bayview|0|1
389|(37.7498245911, -122.477568)|Outer Sunset|0|1
390|CTEAGUE|Soma|67|67
391|(37.7145490695, -122.463356)|Ocean View|0|1
392|(37.7133769843, -122.459183)|Ocean View|0|2
393|(37.7286919043, -122.390310)|Bayview|0|2
394|(37.7285801736, -122.390410)|Bayview|0|1
395|(37.7884130260, -122.391516)|Soma|0|285
396|(37.7636814953, -122.396319)|Potrero Hill|0|2
397|(37.7506008118, -122.466181)|West of Twin Peaks|0|1
398|(37.7611512834, -122.402665)|Potrero Hill|0|1
399|(37.7133764123, -122.459288)|Ocean View|0|2
400|(37.7148275880, -122.406552)|Visitacion Valley|0|2
401|(37.7825240147, -122.481284)|Outer Richmond|0|3
402|(37.7946321845, -122.422796)|Nob Hill|0|44
403|(37.7636390852, -122.388361)|Potrero Hill|12|97
404|(37.7518284853, -122.421842)|Mission|0|1
405|(37.7496372570, -122.468057)|Inner Sunset|0|1
406|(37.7369959532, -122.398435)|Bayview|0|1
407|(37.7486689585, -122.489724)|Outer Sunset|0|1
408|(37.7471231155, -122.491770)|Outer Sunset|0|1
409|(37.7614995370, -122.410581)|Mission|0|271
410|(37.7642712638, -122.415743)|Mission|109|112
411|(37.7304253339, -122.401846)|Bayview|0|2
412|(37.7293963267, -122.405756)|Excelsior|0|1
413|(37.7309081444, -122.401626)|Bayview|0|1
414|(37.7399931212, -122.411893)|Bernal Heights|0|1
415|(37.7631881042, -122.389089)|Potrero Hill|0|18
416|(37.7436552140, -122.406986)|Bernal Heights|0|1
417|(37.7579672037, -122.448776)|Twin Peaks|0|1
418|(37.7687605666, -122.425404)|Mission|0|3
419|(37.7673991274, -122.446954)|Haight Ashbury|0|1
420|(37.7266782192, -122.403469)|Excelsior|0|2
421|(37.7675094270, -122.429432)|Castro/Upper Market|0|60
422|(37.7632279169, -122.419795)|Mission|0|29
423|(37.7902960472, -122.432772)|Pacific Heights|0|76
424|(37.7446165902, -122.433766)|Noe Valley|0|1
425|(37.7422219010, -122.488893)|Parkside|0|2
426|(37.7476264735, -122.488160)|Outer Sunset|0|1
427|(37.7444471024, -122.433100)|Noe Valley|0|1
428|(37.7445234765, -122.490395)|Parkside|0|1
429|(37.7630742862, -122.415444)|Mission|0|1
430|(37.8012112529, -122.415849)|Russian Hill|0|1
431|(37.7671449622, -122.429935)|Castro/Upper Market|0|27
432|(37.7624245164, -122.389033)|Potrero Hill|0|6
433|EJARDINE|Soma|0|1
434|(37.7474167767, -122.478891)|Outer Sunset|0|1
435|(37.7302370597, -122.397609)|Bayview|0|1
436|(37.7623405123, -122.388255)|Potrero Hill|0|109
437|(37.7124017529, -122.400968)|Visitacion Valley|0|4
438|(37.7728934315, -122.452060)|Haight Ashbury|0|3
439|(37.7381787273, -122.400512)|Bayview|0|1
440|(37.7382186011, -122.400582)|Bayview|0|1
441|(37.7852456350, -122.486928)|Outer Richmond|0|2
442|(37.7482479363, -122.465296)|West of Twin Peaks|0|1
443|(37.7296423202, -122.425568)|Excelsior|0|1
444|(37.7665267113, -122.430769)|Castro/Upper Market|10|87
445|CGROB|Downtown/Civic Center|0|28
446|(37.7639077771, -122.440543)|Castro/Upper Market|0|1
447|(37.7108078575, -122.401926)|Visitacion Valley|45|229
448|(37.7653602593, -122.431194)|Castro/Upper Market|0|9
449|(37.7518232185, -122.400799)|Potrero Hill|0|1
450|(37.7457834966, -122.489108)|Parkside|0|1
451|-|Soma|0|23
452|(37.7823345906, -122.483417)|Outer Richmond|0|16
453|(37.8015453986, -122.443682)|Marina|0|1
454|(37.7455294895, -122.491245)|Parkside|0|1
455|(37.7612470298, -122.388941)|Potrero Hill|0|37
456|(37.7967261878, -122.436087)|Marina|0|-1
457|(37.7967153169, -122.436172)|Marina|0|1
458|(37.7645393125, -122.431215)|Castro/Upper Market|0|41
459|(37.7597204632, -122.485091)|Outer Sunset|0|1
460|(37.7108855901, -122.397751)|Visitacion Valley|0|1
461|(37.7837830708, -122.476734)|Inner Richmond|0|1
462|MIXED USE-RESIDENTIAL|Soma|0|9
463|(37.7985818483, -122.436720)|Marina|0|1
464|(37.7421531510, -122.490455)|Parkside|0|7
465|(37.7728589150, -122.426785)|Western Addition|0|1
466|PLAVALLE|Soma|0|37
467|(37.7544455353, -122.466177)|Inner Sunset|0|1
468|(37.7440638717, -122.505112)|Parkside|0|1
469|(37.7837435611, -122.476074)|Inner Richmond|0|1
470|(37.7607982498, -122.388902)|Potrero Hill|0|69
471|(37.8056172019, -122.412200)|North Beach|0|17
472|(37.7084590995, -122.431923)|Crocker Amazon|0|1
473|EJACKSON|Soma|0|44
474|(37.7324923506, -122.410121)|Excelsior|0|1
475|(37.7430845892, -122.433577)|Noe Valley|0|1
476|(37.7446213833, -122.477640)|Parkside|0|1
477|(37.7850127314, -122.409948)|Downtown/Civic Center|0|4
478|(37.7224302166, -122.461562)|Ocean View|0|1
479|(37.7654562731, -122.436188)|Castro/Upper Market|0|1
480|(37.8027685942, -122.445705)|Marina|0|-1
481|MIXED USE-RESIDENTIAL|Soma|0|22
482|(37.7421120674, -122.491388)|Parkside|0|1
483|(37.7430332673, -122.499663)|Parkside|0|1
484|(37.7423270877, -122.450924)|West of Twin Peaks|0|1
485|(37.7435342605, -122.488291)|Parkside|0|1
486|(37.7996437118, -122.440219)|Marina|0|6
487|(37.7440384472, -122.475368)|Parkside|0|10
488|(37.7990754063, -122.439930)|Marina|0|21
489|(37.7434410340, -122.485722)|Parkside|0|1
490|(37.7432996720, -122.488934)|Parkside|0|1
491|(37.7566452766, -122.409816)|Mission|0|1
492|(37.7509518171, -122.430490)|Noe Valley|0|1
493|(37.7593457298, -122.415088)|Mission|0|2
494|(37.7203766801, -122.471383)|Ocean View|0|1
495|(37.7633660844, -122.396915)|Potrero Hill|0|1
496|(37.7835802261, -122.473406)|Inner Richmond|0|1
497|(37.7296642748, -122.425137)|Excelsior|0|1
498|(37.7383398947, -122.426566)|Glen Park|0|1
499|(37.7978697261, -122.400452)|Financial District|0|31
500|(37.7302614928, -122.397779)|Bayview|0|1
501|(37.7420029532, -122.489920)|Parkside|0|1
502|JBANALES|Soma|0|28
503|(37.7988614311, -122.441503)|Marina|0|8
504|(37.7589406245, -122.388722)|Potrero Hill|0|9
505|(37.7423585751, -122.480272)|Parkside|0|1
506|(37.7996245021, -122.443381)|Marina|0|2
507|(37.7422214677, -122.480263)|Parkside|0|1
508|(37.7438903469, -122.493529)|Parkside|0|1
509|(37.7653208750, -122.411120)|Mission|6|53
510|(37.7424133172, -122.425355)|Noe Valley|0|1
511|(37.7994135734, -122.442052)|Marina|1|53
512|(37.7421679102, -122.475259)|Parkside|0|1
513|-|Financial District|0|603
514|(37.7163421062, -122.460794)|Ocean View|0|1
515|(37.7988366995, -122.442111)|Marina|0|1
516|(37.7745607808, -122.458019)|Inner Richmond|0|1
517|(37.7629713739, -122.393172)|Potrero Hill|7|59
518|(37.7790988371, -122.451448)|Inner Richmond|0|5
519|-|Bayview|0|122
520|(37.7759351465, -122.453275)|Inner Richmond|0|2
521|(37.7571301722, -122.414258)|Mission|0|6
522|(37.7764810837, -122.485979)|Outer Richmond|0|1
523|(37.7833280875, -122.474949)|Inner Richmond|0|1
524|(37.7407767469, -122.471969)|Parkside|0|1
525|(37.7965885336, -122.441677)|Marina|0|1
526|(37.7502213295, -122.487605)|Outer Sunset|0|1
527|(37.7449800758, -122.428037)|Noe Valley|0|1
528|(37.7847060368, -122.483668)|Outer Richmond|0|1
529|(37.7975295545, -122.441864)|Marina|0|1
530|MIXED USE-RESIDENTIAL|Soma|0|8
531|(37.7656720983, -122.440264)|Castro/Upper Market|0|1
532|(37.7382913197, -122.495516)|Parkside|0|1
533|-|Bayview|93|93
534|(37.7553782123, -122.412406)|Mission|0|20
535|(37.7996624898, -122.424617)|Marina|0|26
536|(37.7834683288, -122.469083)|Inner Richmond|0|1
537|-|Soma|0|86
538|(37.7646023877, -122.435716)|Castro/Upper Market|0|1
539|(37.7257550666, -122.422817)|Excelsior|0|1
540|(37.7553783068, -122.411842)|Mission|0|2
541|-|Russian Hill|0|1
542|-|Bayview|0|1
543|(37.8022379177, -122.421051)|Russian Hill|0|1
544|(37.7154450746, -122.467386)|Ocean View|0|1
545|(37.7128921254, -122.458789)|Ocean View|0|4
546|MIXED USE-RESIDENTIAL|Soma|0|9
547|(37.7858213806, -122.440770)|Western Addition|0|81
548|(37.7591597170, -122.419696)|Mission|0|1
549|(37.7828525512, -122.447442)|Presidio Heights|3|21
550|(37.7545945837, -122.413812)|Mission|17|117
551|MIXED USE-RESIDENTIAL|Soma|0|1
552|(37.7539421732, -122.441546)|Noe Valley|0|1
553|(37.7257224458, -122.422804)|Excelsior|0|1
554|(37.7374908436, -122.479883)|Parkside|0|1
555|(37.7892450311, -122.437106)|Pacific Heights|0|1
556|-|-|0|2
557|(37.7622313457, -122.445432)|Castro/Upper Market|0|1
558|MUR|805-878-7944|0|3
559|(37.7786275328, -122.479884)|Outer Richmond|0|1
560|(37.7899567523, -122.405082)|Financial District|0|45
561|(37.7536442952, -122.414541)|Mission|0|-1
562|(37.7985223479, -122.427678)|Marina|0|1
563|(37.7751069596, -122.457195)|Inner Richmond|0|1
564|(37.7289006114, -122.432038)|Outer Mission|0|1
565|(37.7756779770, -122.457193)|Inner Richmond|0|2
566|(37.7607995554, -122.409716)|Mission|0|60
567|(37.7750752556, -122.457451)|Inner Richmond|0|3
568|(37.7440696229, -122.409135)|Bernal Heights|0|1
569|(37.7527220661, -122.414454)|Mission|0|4
570|(37.7266740414, -122.402923)|Excelsior|0|2
571|(37.7312815616, -122.441528)|Outer Mission|0|1
572|(37.7526480654, -122.408022)|Mission|0|8
573|CESPIRIT|Soma|0|2
574|(37.7358537748, -122.504737)|Parkside|1|56
575|(37.8016255697, -122.424188)|Russian Hill|0|2
576|(37.7668015725, -122.447713)|Haight Ashbury|0|1
577|(37.8027501335, -122.423410)|Russian Hill|0|3
578|(37.7510550184, -122.406707)|Mission|0|4
579|(37.7850790243, -122.445523)|Western Addition|0|1
580|(37.7561367271, -122.410977)|Mission|0|1
581|(37.7530474102, -122.408791)|Mission|0|3
582|(37.7960087665, -122.446098)|Marina|0|1
583|(37.7963837285, -122.446362)|Marina|0|1
584|(37.7963799742, -122.446458)|Marina|0|1
585|(37.7517154623, -122.413668)|Mission|0|1
586|(37.7830434647, -122.470127)|Inner Richmond|0|1
587|(37.7356510126, -122.453629)|West of Twin Peaks|0|1
588|(37.7512978242, -122.413629)|Mission|0|1
589|(37.7509669159, -122.417976)|Mission|0|2
590|(37.7823797743, -122.449863)|Presidio Heights|0|2
591|(37.7255411478, -122.402449)|Excelsior|1|10
592|(37.7503125814, -122.418539)|Mission|7|55
593|(37.7146311602, -122.408601)|Visitacion Valley|0|1
594|(37.8015373927, -122.425995)|Marina|0|2
595|(37.7575371057, -122.413300)|Mission|0|2
596|(37.7335730551, -122.476397)|Lakeshore|0|1
597|(37.7331640270, -122.481311)|Lakeshore|0|1
598|(37.7284069324, -122.425151)|Excelsior|0|1
599|(37.7832454571, -122.451060)|Presidio Heights|0|1
600|(37.8029085701, -122.408605)|North Beach|0|2
601|-|Soma|0|354
602|(37.7263444900, -122.414260)|Excelsior|0|4
603|(37.7205047819, -122.483875)|Lakeshore|0|89
604|(37.7308217354, -122.448586)|Outer Mission|0|1
605|(37.7750995504, -122.424040)|Western Addition|1|16
606|(37.7755184651, -122.424124)|Western Addition|1|16
607|MIXED USE-RESIDENTIAL|Soma|0|84
608|(37.7836246512, -122.485261)|Outer Richmond|0|9
609|(37.7621021027, -122.445587)|Castro/Upper Market|0|2
610|(37.7277801111, -122.430569)|Excelsior|0|198
611|(37.7262792492, -122.414233)|Excelsior|0|1
612|(37.7991913652, -122.430628)|Marina|0|2
613|(37.7790034384, -122.493587)|Outer Richmond|0|2
614|(37.7480749406, -122.410116)|Bernal Heights|0|1
615|(37.7819419465, -122.492031)|Outer Richmond|0|6
616|(37.7527652854, -122.412775)|Mission|0|1
617|(37.7147416058, -122.409008)|Visitacion Valley|0|1
618|(37.7262140074, -122.414206)|Excelsior|0|1
619|(37.7261487666, -122.414179)|Excelsior|0|1
620|(37.7090869282, -122.418486)|Visitacion Valley|0|1
621|(37.7614146990, -122.445239)|Castro/Upper Market|0|1
622|(37.7571233500, -122.437602)|Castro/Upper Market|0|2
623|(37.7777008471, -122.422008)|Downtown/Civic Center|0|8
624|(37.7739757383, -122.440640)|Haight Ashbury|0|4
625|(37.7479114444, -122.413326)|Bernal Heights|0|2
626|(37.7645587264, -122.491654)|Outer Sunset|0|1
627|(37.7473811751, -122.499145)|Outer Sunset|0|1
628|(37.7681205858, -122.417460)|Mission|0|4
629|(37.7464020297, -122.419774)|Bernal Heights|0|4
630|(37.7832372665, -122.490008)|Outer Richmond|0|2
631|(37.7595387761, -122.445090)|Castro/Upper Market|0|2
632|DVU|Soma|0|1
633|(37.7756554306, -122.493192)|Outer Richmond|0|3
634|(37.7994601361, -122.441238)|Marina|0|2
635|(37.7832193794, -122.488927)|Outer Richmond|0|1
636|(37.7415816226, -122.421344)|Bernal Heights|0|1
637|(37.7756429957, -122.493464)|Outer Richmond|0|1
638|(37.7632790476, -122.418264)|Mission|0|2
639|(37.7831848384, -122.489586)|Outer Richmond|0|2
640|(37.7362968500, -122.427427)|Glen Park|0|1
641|(37.7487468193, -122.432263)|Noe Valley|0|1
642|(37.7877714372, -122.392947)|Soma|0|119
643|(37.7606387353, -122.416109)|Mission|0|1
644|(37.7236287361, -122.429446)|Excelsior|0|1
645|(37.7626994170, -122.422774)|Mission|0|3
646|(37.7225544630, -122.437255)|Outer Mission|0|1
647|CTOWNES|Soma|0|9
648|(37.7331369488, -122.495609)|Lakeshore|0|1
649|(37.7449714568, -122.413018)|Bernal Heights|0|1
650|(37.7261747450, -122.438058)|Outer Mission|0|1
651|(37.7570741100, -122.435437)|Castro/Upper Market|0|1
652|(37.7635791096, -122.419977)|Mission|0|2
653|(37.7485212169, -122.416462)|Mission|0|50
654|(37.7605405642, -122.417664)|Mission|0|6
655|RSUCRE|Soma|18|219
656|(37.7621003005, -122.393219)|Potrero Hill|0|2
657|(37.7590266075, -122.416153)|Mission|0|6
658|(37.7570507352, -122.422742)|Mission|0|2
659|DLINDSAY|4155678800|0|4
660|(37.7351671187, -122.417905)|Bernal Heights|0|1
661|(37.7298683946, -122.495087)|Lakeshore|0|1
662|JSPEIRS|Soma|0|5
663|(37.7871196058, -122.393231)|Soma|0|355
664|(37.7620042484, -122.419986)|Mission|0|16
665|(37.8016975890, -122.441193)|Marina|0|1
666|(37.7790720259, -122.422880)|Downtown/Civic Center|8|69
667|(37.7220634018, -122.456912)|Ocean View|0|1
668|(37.7584869685, -122.417736)|Mission|0|1
669|(37.7487976019, -122.418996)|Mission|0|1
670|MIXED USE-RESIDENTIAL|Soma|0|104
671|(37.7785764701, -122.422444)|Downtown/Civic Center|0|2
672|(37.7651395989, -122.407816)|Mission|11|72
673|(37.7351605943, -122.417776)|Bernal Heights|0|2
674|KDURANDE|Soma|0|38
675|(37.7597470121, -122.445065)|Castro/Upper Market|0|1
676|(37.7359102555, -122.418448)|Bernal Heights|0|1
677|-|North Beach|0|13
678|BBENDIX|Soma|0|4
679|(37.7246538358, -122.423735)|Excelsior|0|1
680|(37.7621855364, -122.420650)|Mission|0|1
681|DSANCHEZ|Soma|62|410
682|(37.7815509450, -122.473702)|Inner Richmond|0|1
683|(37.7112364407, -122.463674)|Ocean View|0|1
684|(37.7646191749, -122.431513)|Castro/Upper Market|0|1
685|(37.7420758785, -122.413348)|Bernal Heights|0|2
686|(37.7420073654, -122.413353)|Bernal Heights|0|1
687|(37.7614767362, -122.422239)|Mission|0|2
688|(37.7495347241, -122.421077)|Mission|0|3
689|(37.7420427938, -122.504189)|Parkside|0|3
690|(37.7135229217, -122.464116)|Ocean View|0|1
691|(37.7459344607, -122.406165)|Bernal Heights|0|1
692|(37.7610238145, -122.417871)|Mission|0|1
693|(37.7743834370, -122.426020)|Western Addition|0|2
694|(37.7453591244, -122.415526)|Bernal Heights|0|1
695|(37.8033220535, -122.440328)|Marina|0|1
696|(37.7182552944, -122.398340)|Bayview|0|1
697|(37.7498409740, -122.450719)|Twin Peaks|0|1
698|(37.7730344803, -122.397263)|Soma|0|129
699|(37.7566230913, -122.501654)|Outer Sunset|0|12
700|(37.7483228607, -122.421911)|Mission|0|28
701|MIXED USE-RESIDENTIAL|Soma|0|87
702|(37.7810277190, -122.480834)|Outer Richmond|0|2
703|(37.7383402603, -122.418884)|Bernal Heights|0|1
704|(37.7596601490, -122.424664)|Mission|0|1
705|WSOMA MIXED USE-GENERAL|Soma|0|89
706|(37.7894358746, -122.453441)|Presidio Heights|0|1
707|(37.7581685408, -122.422719)|Mission|0|5
708|(37.7533042285, -122.424578)|Mission|0|1
709|(37.7457694397, -122.428287)|Noe Valley|0|1
710|(37.7830581759, -122.451649)|Presidio Heights|0|1
711|(37.7450224104, -122.406241)|Bernal Heights|0|1
712|(37.7604583697, -122.501893)|Outer Sunset|0|1
713|(37.7528079195, -122.503573)|Outer Sunset|2|14
714|(37.7813281780, -122.471080)|Inner Richmond|0|1
715|(37.7565716133, -122.430673)|Castro/Upper Market|0|1
716|(37.7560813197, -122.430637)|Noe Valley|0|1
717|(37.7629212526, -122.435500)|Castro/Upper Market|3|24
718|(37.7476387185, -122.423966)|Bernal Heights|0|1
719|MIXED USE-RESIDENTIAL|Soma|22|116
720|(37.8054974803, -122.413148)|North Beach|0|2
721|(37.7219859905, -122.397158)|Bayview|0|1
722|(37.7357813508, -122.424867)|Bernal Heights|0|2
723|(37.7308287710, -122.446811)|Outer Mission|0|1
724|(37.7519013545, -122.428074)|Noe Valley|0|5
725|(37.7565975419, -122.504248)|Outer Sunset|0|1
726|(37.7860914780, -122.393473)|Soma|20|180
727|(37.7517507283, -122.429905)|Noe Valley|0|3
728|(37.7592647564, -122.431205)|Castro/Upper Market|0|3
729|(37.7533535107, -122.430629)|Noe Valley|0|1
730|(37.7814467053, -122.461678)|Inner Richmond|0|2
731|(37.7512690354, -122.430431)|Noe Valley|0|1
732|(37.7628339073, -122.433835)|Castro/Upper Market|0|1
733|(37.7603061593, -122.504559)|Outer Sunset|0|6
734|(37.7734371145, -122.437121)|Western Addition|0|152
735|(37.7490628955, -122.503406)|Outer Sunset|0|1
736|(37.7516329690, -122.432527)|Noe Valley|0|2
737|(37.7752594628, -122.502008)|Outer Richmond|0|1
738|(37.7472612099, -122.430226)|Noe Valley|0|2
739|(37.7515861794, -122.433303)|Noe Valley|0|3
740|(37.7611561007, -122.434317)|Castro/Upper Market|0|1
741|DOWNTOWN- OFFICE (SPECIAL DEVELOPMENT)|Financial District|49|403
742|(37.7308624028, -122.446987)|Outer Mission|0|1
743|(37.7398944602, -122.388649)|Bayview|0|32
744|(37.7472771242, -122.431727)|Noe Valley|0|1
745|(37.7309478818, -122.447074)|Outer Mission|0|1
746|(37.7626118972, -122.437954)|Castro/Upper Market|0|1
747|(37.7707388121, -122.452461)|Haight Ashbury|0|1
748|(37.7509930999, -122.435065)|Noe Valley|0|2
749|(37.7514671647, -122.435310)|Noe Valley|0|5
750|(37.7749254284, -122.443190)|Haight Ashbury|0|1
751|(37.7509639018, -122.435539)|Noe Valley|0|5
752|(37.7707621272, -122.451840)|Haight Ashbury|0|1
753|(37.7300573119, -122.412030)|Excelsior|0|6
754|(37.7106793665, -122.449887)|Outer Mission|0|1
755|(37.7502456193, -122.439799)|Noe Valley|0|1
756|(37.7536809870, -122.430395)|Noe Valley|0|1
757|(37.7397410510, -122.471587)|Parkside|0|1
758|(37.7470172819, -122.434219)|Noe Valley|0|1
759|(37.7806907964, -122.464709)|Inner Richmond|0|2
760|(37.7815675711, -122.484098)|Outer Richmond|0|2
761|(37.7447452909, -122.431862)|Noe Valley|0|1
762|(37.7319534059, -122.423896)|Bernal Heights|0|1
763|(37.7524250295, -122.437938)|Noe Valley|0|1
764|(37.7214246881, -122.433699)|Excelsior|0|1
765|(37.7562669315, -122.467379)|Inner Sunset|0|1
766|(37.7779325148, -122.423748)|Western Addition|0|1
767|(37.7872476346, -122.390396)|Soma|0|140
768|(37.7519252657, -122.442288)|Noe Valley|0|1
769|-|-|0|3
770|(37.7839367125, -122.414834)|Downtown/Civic Center|0|27
771|(37.7805135376, -122.460277)|Inner Richmond|0|1
772|(37.7284566752, -122.431899)|Outer Mission|0|10
773|(37.7861061141, -122.411999)|Downtown/Civic Center|0|9
774|(37.7511704124, -122.440146)|Noe Valley|0|1
775|(37.7208794528, -122.428660)|Excelsior|0|1
776|(37.7161556896, -122.443478)|Outer Mission|0|1
777|(37.7691410809, -122.421048)|Mission|0|3
778|(37.7495421626, -122.438609)|Noe Valley|0|1
779|(37.7803657355, -122.504434)|Outer Richmond|0|1
780|(37.7293127989, -122.451883)|Outer Mission|0|1
781|(37.7223053453, -122.431943)|Excelsior|0|1
782|(37.7708196671, -122.430988)|Western Addition|0|1
783|(37.7361540169, -122.429739)|Glen Park|0|0
784|(37.7510497004, -122.442199)|Noe Valley|0|1
785|(37.7759605019, -122.425320)|Western Addition|0|2
786|(37.7678088031, -122.423254)|Mission|0|20
787|-|Soma|0|36
788|(37.7770361122, -122.423879)|Western Addition|5|41
789|(37.7861458355, -122.412403)|Downtown/Civic Center|0|184
790|(37.7620708507, -122.445425)|Castro/Upper Market|0|1
791|(37.7736178605, -122.507322)|Outer Richmond|0|1
792|(37.7603248009, -122.440085)|Castro/Upper Market|0|1
793|(37.7206315842, -122.469240)|Ocean View|0|1
794|(37.7592279315, -122.440055)|Castro/Upper Market|0|1
795|(37.7182662591, -122.480908)|Lakeshore|0|248
796|(37.7469297366, -122.430509)|Noe Valley|0|1
797|MIXED USE-RESIDENTIAL|Soma|0|1
798|(37.7097682850, -122.417004)|Visitacion Valley|0|1
799|(37.7208822967, -122.467790)|Ocean View|0|1
800|(37.7191200594, -122.465079)|Ocean View|0|1
801|MIXED USE-RESIDENTIAL|Soma|0|25
802|(37.7833038679, -122.415319)|Downtown/Civic Center|0|28
803|(37.7145818993, -122.412910)|Visitacion Valley|0|1
804|(37.7795664882, -122.465999)|Inner Richmond|0|2
805|(37.7283480507, -122.425196)|Excelsior|0|1
806|(37.7807450347, -122.484038)|Outer Richmond|0|2
807|(37.7354427994, -122.390845)|Bayview|0|13
808|(37.7793527786, -122.469202)|Inner Richmond|0|1
809|TCHANG|Soma|2|30
810|(37.7305033801, -122.478386)|Lakeshore|0|1
811|-|Soma|0|4
812|(37.7634776614, -122.407671)|Mission|11|77
813|MIXED USE-RESIDENTIAL|Soma|0|5
814|(37.7728488321, -122.483587)|Outer Richmond|0|1
815|(37.7799975445, -122.495743)|Outer Richmond|0|1
816|(37.7233354284, -122.460438)|Ocean View|0|1
817|(37.7416345986, -122.430662)|Glen Park|0|1
818|(37.7674173536, -122.420868)|Mission|0|8
819|(37.7119397091, -122.446865)|Outer Mission|0|1
820|-|Bayview|0|63
821|-|Bayview|0|71
822|-|Bayview|0|81
823|-|Bayview|0|58
824|(37.7654799379, -122.417824)|Mission|12|84
825|(37.7257185332, -122.417320)|Excelsior|0|34
826|(37.7120502105, -122.442239)|Crocker Amazon|0|1
827|(37.7150123556, -122.406152)|Visitacion Valley|0|1
828|(37.7439918016, -122.433053)|Noe Valley|0|1
829|-|Soma|0|6
830|(37.7220757048, -122.398137)|Bayview|0|1
831|(37.7782602192, -122.477973)|Inner Richmond|0|1
832|(37.7487693855, -122.419391)|Mission|0|4
833|(37.7185445002, -122.439782)|Outer Mission|0|1
834|(37.7549991397, -122.469024)|Inner Sunset|0|1
835|(37.7090361495, -122.423751)|Crocker Amazon|0|2
836|JDISALVO|Soma|0|16
837|(37.7626524039, -122.428289)|Castro/Upper Market|0|1
838|(37.7177327703, -122.440588)|Outer Mission|9|61
839|(37.7198554072, -122.467389)|Ocean View|0|1
840|(37.7783331865, -122.474659)|Inner Richmond|0|1
841|(37.7320327366, -122.391974)|Bayview|0|6
842|(37.7789309862, -122.460119)|Inner Richmond|0|2
843|(37.7788337369, -122.462263)|Inner Richmond|0|1
844|(37.7707814635, -122.408323)|Soma|0|12
845|(37.7785299770, -122.465924)|Inner Richmond|0|1
846|(37.7749492313, -122.428593)|Western Addition|0|1
847|(37.7749379134, -122.428681)|Western Addition|0|1
848|(37.7626818851, -122.406563)|Mission|0|1
849|(37.7628748413, -122.439191)|Castro/Upper Market|0|1
850|(37.7332197787, -122.401695)|Bayview|0|1
851|(37.7850034928, -122.451355)|Presidio Heights|0|1
852|(37.7391576140, -122.429340)|Glen Park|0|1
853|-|Soma|0|1
854|JSPEIRS|Soma|0|1
855|(37.7781808686, -122.469117)|Inner Richmond|0|1
856|(37.7595300370, -122.395576)|Potrero Hill|0|2
857|(37.7786155771, -122.500423)|Outer Richmond|0|1
858|(37.7442892866, -122.434308)|Noe Valley|0|1
859|(37.7279420245, -122.426186)|Excelsior|0|1
860|(37.7629070770, -122.401732)|Potrero Hill|0|17
861|(37.7811065550, -122.477592)|Inner Richmond|4|41
862|(37.7205552534, -122.465643)|Ocean View|0|1
863|(37.7104432192, -122.405217)|Visitacion Valley|0|1
864|-|-|0|6
865|(37.7137356925, -122.472043)|Lakeshore|0|313
866|(37.7712187550, -122.426532)|Western Addition|0|116
867|(37.7723498547, -122.426279)|Western Addition|0|191
868|(37.7716971210, -122.426147)|Western Addition|0|79
869|(37.7780985777, -122.464818)|Inner Richmond|0|1
870|(37.7636526903, -122.392086)|Potrero Hill|0|12
871|(37.7781680410, -122.425752)|Western Addition|17|139
872|MWOODS|Downtown/Civic Center|0|52
873|(37.7876828270, -122.410943)|Downtown/Civic Center|0|17
874|(37.7300619968, -122.393718)|Bayview|0|1
875|(37.7431467256, -122.457536)|West of Twin Peaks|0|1
876|(37.7625686214, -122.444928)|Castro/Upper Market|0|2
877|(37.7800081450, -122.479798)|Outer Richmond|0|4
878|(37.7784064065, -122.494618)|Outer Richmond|0|1
879|(37.7349365486, -122.431617)|Glen Park|0|1
880|(37.7783676980, -122.493957)|Outer Richmond|0|1
881|(37.7137117251, -122.447886)|Outer Mission|0|1
882|(37.7104790943, -122.448632)|Outer Mission|0|2
883|(37.7301730061, -122.495643)|Lakeshore|0|1
884|(37.7828901361, -122.411062)|Downtown/Civic Center|0|78
885|(37.7807792760, -122.410310)|Soma|6|47
886|(37.7716235232, -122.432397)|Western Addition|0|1
887|(37.7771025613, -122.480546)|Outer Richmond|0|1
888|(37.7096256907, -122.449035)|Crocker Amazon|0|5
889|(37.7188041687, -122.430228)|Excelsior|0|1
890|(37.7778804705, -122.499952)|Outer Richmond|0|2
891|(37.7271936811, -122.458514)|West of Twin Peaks|0|1
892|(37.7625648010, -122.401699)|Potrero Hill|0|3
893|(37.7767566767, -122.426029)|Western Addition|0|29
894|(37.7086917569, -122.451777)|Crocker Amazon|0|2
895|(37.7589814724, -122.394899)|Potrero Hill|0|2
896|(37.7151387203, -122.415336)|Visitacion Valley|0|5
897|(37.8001570565, -122.413660)|Russian Hill|0|1
898|(37.7838284084, -122.481110)|Outer Richmond|0|1
899|(37.7641408316, -122.389528)|Potrero Hill|0|20
900|(37.7619566737, -122.447681)|Haight Ashbury|0|4
901|KGUY|Soma|58|688
902|MIXED USE-RESIDENTIAL|Soma|0|146
903|(37.7448851792, -122.415871)|Bernal Heights|0|1
904|(37.7499080729, -122.441906)|Noe Valley|0|1
905|(37.7252993496, -122.435860)|Outer Mission|0|1
906|(37.7083664783, -122.465159)|Ocean View|0|1
907|(37.7778694361, -122.485925)|Outer Richmond|0|1
908|(37.7562502182, -122.417453)|Mission|0|5
909|(37.7633181465, -122.417617)|Mission|4|27
910|SUPERVISORIAL DISTRICT 6|-|150|$0.00
911|(37.7431550963, -122.433584)|Noe Valley|0|1
912|(37.7758374088, -122.439975)|Haight Ashbury|0|1
913|(37.7640051848, -122.389516)|Potrero Hill|0|24
914|(37.7804129867, -122.484482)|Outer Richmond|0|3
915|(37.7937095167, -122.404824)|Chinatown|0|1
916|(37.7588111296, -122.393911)|Potrero Hill|0|1
917|(37.7775005558, -122.494474)|Outer Richmond|0|1
918|(37.7716343941, -122.432311)|Western Addition|0|0
919|(37.7599510685, -122.468623)|Inner Sunset|0|2
920|(37.7771862696, -122.499820)|Outer Richmond|0|1
921|(37.7797507665, -122.485395)|Outer Richmond|0|4
922|KDURANDE|Soma|0|1
923|(37.7762906463, -122.475534)|Inner Richmond|0|1
924|(37.7236296138, -122.428608)|Excelsior|0|1
925|-|Soma|0|1
926|(37.7916140466, -122.407750)|Chinatown|0|1
927|(37.7434826606, -122.434319)|Noe Valley|0|1
928|(37.7767767196, -122.428597)|Western Addition|0|1
929|-|Soma|0|3
930|(37.7202892387, -122.396224)|Bayview|0|6
931|MIXED USE-OFFICE|Soma|0|392
932|(37.7605135472, -122.400523)|Potrero Hill|0|1
933|(37.7835675940, -122.486511)|Outer Richmond|0|1
934|(37.7198496609, -122.397168)|Bayview|0|17
935|(37.7756776967, -122.479372)|Outer Richmond|0|1
936|-|-|0|1
937|(37.7253459459, -122.460148)|West of Twin Peaks|0|1
938|(37.7607075057, -122.410678)|Mission|0|4
939|-|Soma|0|84
940|(37.7424570023, -122.408581)|Bernal Heights|1|1
941|(37.7579634101, -122.394572)|Potrero Hill|11|94
942|VALENCIA STREET NEIGHBORHOOD COMMERCIAL TRANSIT|Edward Morris|9|-
943|(37.7454018988, -122.434331)|Noe Valley|0|1
944|(37.7757418183, -122.437588)|Western Addition|0|9
945|(37.7621478304, -122.391862)|Potrero Hill|16|60
946|(37.7621478304, -122.391862)|Potrero Hill|16|51
947|(37.7863441501, -122.413955)|Downtown/Civic Center|0|51
948|(37.7428890057, -122.473713)|Parkside|0|3
949|(37.7624177673, -122.421365)|Mission|0|4
950|(37.7578281854, -122.416001)|Mission|0|1
951|(37.7762910124, -122.460387)|Inner Richmond|0|1
952|(37.7522575708, -122.435520)|Noe Valley|0|1
953|(37.7606495194, -122.423404)|Mission|0|1
954|(37.7826086869, -122.451979)|Presidio Heights|0|1
955|-|Soma|0|250
956|(37.7751731983, -122.481902)|Outer Richmond|0|1
957|(37.7604478569, -122.424004)|Mission|0|3
958|(37.7762863159, -122.497033)|Outer Richmond|0|1
959|(37.7823056209, -122.452972)|Presidio Heights|0|1
960|(37.7440061093, -122.459291)|West of Twin Peaks|0|1
961|(37.7681356246, -122.448578)|Haight Ashbury|0|1
962|(37.7730643607, -122.432032)|Western Addition|1|12
963|(37.7631639138, -122.390061)|Potrero Hill|0|2
964|(37.7205952289, -122.452454)|Ocean View|0|1
965|(37.7515802796, -122.445910)|Twin Peaks|0|5
966|(37.7755402871, -122.496011)|Outer Richmond|0|6
967|(37.7290932789, -122.421656)|Excelsior|0|1
968|(37.7179447831, -122.404236)|Visitacion Valley|0|1
969|(37.7938388811, -122.405002)|Chinatown|0|1
970|(37.7599548603, -122.468537)|Inner Sunset|0|2
971|(37.7825672035, -122.450924)|Presidio Heights|0|1
972|JBANALES|Soma|0|2
973|(37.7744245788, -122.475399)|Inner Richmond|0|1
974|(37.7845464632, -122.418073)|Downtown/Civic Center|0|42
975|(37.7599367457, -122.440978)|Castro/Upper Market|0|1
976|(37.7598258519, -122.409203)|Mission|0|1
977|(37.7754566196, -122.492254)|Outer Richmond|0|1
978|-|Soma|0|1
979|(37.7849923977, -122.445930)|Western Addition|0|7
980|-|Soma|0|6
981|(37.7954261459, -122.405875)|Chinatown|18|23
982|(37.7579906586, -122.398692)|Potrero Hill|0|1
983|(37.7653947114, -122.398410)|Potrero Hill|0|50
984|TCHANG|Financial District|0|118
985|(37.7857262336, -122.394180)|Soma|0|1
986|(37.7113273341, -122.405538)|Visitacion Valley|0|2
987|(37.7678751928, -122.430293)|Castro/Upper Market|0|7
988|DVU|Soma|9|79
989|(37.7776287614, -122.430139)|Western Addition|0|1
990|(37.7581929091, -122.411214)|Mission|0|2
991|(37.7223601294, -122.452524)|Ocean View|0|1
992|(37.7750242009, -122.486188)|Outer Richmond|0|1
993|(37.7745558892, -122.496908)|Outer Richmond|0|1
994|(37.7744101056, -122.463061)|Inner Richmond|0|1
995|-|Soma|0|3
996|-|Soma|0|26
997|(37.7116224553, -122.405462)|Visitacion Valley|0|4
998|(37.7292151548, -122.419917)|Excelsior|0|1
999|(37.7745465164, -122.492605)|Outer Richmond|0|1
1000|(37.7717801054, -122.434967)|Western Addition|0|2
1001|(37.7620267666, -122.389324)|Potrero Hill|8|59
1002|(37.7605645935, -122.421188)|Mission|0|3
1003|(37.7298182639, -122.428701)|Excelsior|0|1
1004|(37.7576735853, -122.413313)|Mission|0|1
1005|(37.7741831137, -122.497540)|Outer Richmond|0|1
1006|(37.7606728416, -122.416701)|Mission|0|54
1007|(37.7562361785, -122.434238)|Castro/Upper Market|0|1
1008|(37.7644912963, -122.421351)|Mission|0|2
1009|(37.7824989491, -122.450910)|Presidio Heights|0|2
1010|(37.7672051483, -122.421392)|Mission|-1|9
1011|(37.7084873258, -122.450238)|Crocker Amazon|0|1
1012|(37.7627991082, -122.421058)|Mission|0|1
1013|(37.7591964033, -122.391729)|Potrero Hill|0|326
1014|(37.7840451596, -122.445743)|Western Addition|83|83
1015|(37.7718238561, -122.403883)|Soma|55|557
1016|(37.7336698926, -122.436127)|Outer Mission|0|1
1017|(37.7821201275, -122.422711)|Downtown/Civic Center|5|49
1018|(37.7969971593, -122.416514)|Russian Hill|0|1
1019|(37.7678968336, -122.433132)|Castro/Upper Market|0|1
1020|(37.7536912122, -122.417165)|Mission|0|1
1021|(37.7568721178, -122.413083)|Mission|0|2
1022|(37.7785831115, -122.443924)|Western Addition|0|2
1023|(37.7612283764, -122.389251)|Potrero Hill|10|69
1024|(37.7212767885, -122.428108)|Excelsior|0|1
1025|(37.7586408659, -122.410910)|Mission|0|1
1026|(37.7734295750, -122.494256)|Outer Richmond|0|1
1027|(37.7956862635, -122.405356)|Chinatown|0|1
1028|-|Russian Hill|0|3
1029|(37.7732342437, -122.492509)|Outer Richmond|0|1
1030|(37.7729212753, -122.497856)|Outer Richmond|0|1
1031|(37.7723548881, -122.509427)|Outer Richmond|0|45
1032|(37.7724255797, -122.507077)|Outer Richmond|0|1
1033|(37.7992711416, -122.413206)|Russian Hill|0|1
1034|(37.8022275049, -122.415517)|Russian Hill|0|1
1035|(37.7530069555, -122.417733)|Mission|0|6
1036|WSOMA MIXED USE-GENERAL|Soma|0|1
1037|(37.7980862788, -122.411305)|Russian Hill|0|4
1038|(37.7456030202, -122.439232)|Noe Valley|0|1
1039|(37.7179305658, -122.390406)|Bayview|0|1
1040|-|Bayview|0|2
1041|(37.7728327110, -122.489252)|Outer Richmond|0|1
1042|(37.7917833809, -122.408915)|Chinatown|0|44
1043|(37.7870169285, -122.416171)|Downtown/Civic Center|0|4
1044|(37.7653561334, -122.399048)|Potrero Hill|25|127
1045|(37.7178867133, -122.394730)|Bayview|0|1
1046|(37.7468680160, -122.406528)|Bernal Heights|0|1
1047|-|Russian Hill|0|5
1048|(37.7624609642, -122.442874)|Castro/Upper Market|0|1
1049|(37.7607662664, -122.389985)|Potrero Hill|0|110
1050|(37.7593611945, -122.449717)|Haight Ashbury|0|1
1051|(37.7574514619, -122.399615)|Potrero Hill|0|1
1052|(37.7549105401, -122.431871)|Noe Valley|0|1
1053|(37.7583534723, -122.401259)|Potrero Hill|0|2
1054|(37.7436339631, -122.406818)|Bernal Heights|0|1
1055|INNER CLEMENT STREET NEIGHBORHOOD COMMERCIAL|-|1|CLINICS-MEDIC/DENTAL
1056|(37.7602272112, -122.389154)|Potrero Hill|6|39
1057|(37.7164639959, -122.440659)|Excelsior|0|4
1058|(37.7387730917, -122.413614)|Bernal Heights|0|2
1059|(37.7973575218, -122.412499)|Russian Hill|0|5
1060|MIXED USE-RESIDENTIAL|Soma|60|172
1061|(37.7569589130, -122.400191)|Potrero Hill|0|2
1062|DVU|Soma|5|44
1063|(37.7784175107, -122.445572)|Western Addition|0|1
1064|(37.7143552485, -122.433589)|Excelsior|0|1
1065|MIXED USE-RESIDENTIAL|Soma|14|115
1066|(37.7580993273, -122.402590)|Potrero Hill|0|2
1067|(37.7154270215, -122.436720)|Excelsior|0|1
1068|(37.7499418175, -122.435848)|Noe Valley|0|1
1069|(37.7580323995, -122.402583)|Potrero Hill|0|2
1070|(37.7530323558, -122.415541)|Mission|0|2
1071|(37.7579639393, -122.402577)|Potrero Hill|0|2
1072|(37.7290311585, -122.416867)|Excelsior|0|1
1073|(37.7849297526, -122.421911)|Western Addition|31|256
1074|(37.7578954800, -122.402570)|Potrero Hill|0|2
1075|(37.7450853172, -122.477617)|Parkside|0|1
1076|(37.7578270198, -122.402563)|Potrero Hill|0|1
1077|(37.7569359330, -122.408306)|Mission|0|1
1078|(37.7323059954, -122.376838)|Bayview|0|1
1079|-|Soma|0|6
1080|(37.7116829221, -122.405617)|Visitacion Valley|0|5
1081|(37.7342543999, -122.441333)|Outer Mission|0|3
1082|(37.7822225670, -122.423766)|Downtown/Civic Center|11|95
1083|(37.7831754330, -122.409568)|Downtown/Civic Center|0|316
1084|(37.7597476917, -122.389882)|Potrero Hill|0|108
1085|(37.7550997472, -122.413030)|Mission|0|4
1086|(37.7565224011, -122.411055)|Mission|0|1
1087|(37.7415083856, -122.410350)|Bernal Heights|0|4
1088|(37.7731313749, -122.435174)|Western Addition|0|1
1089|(37.7103661215, -122.408721)|Visitacion Valley|0|1
1090|(37.7156611987, -122.440113)|Crocker Amazon|0|3
1091|AHUISMAN|Soma|0|182
1092|(37.7555306037, -122.423563)|Mission|0|1
1093|(37.7655618070, -122.394221)|Potrero Hill|0|45
1094|MIXED USE-RESIDENTIAL|Soma|4|38
1095|(37.7536707585, -122.424917)|Mission|0|1
1096|(37.7861870864, -122.419486)|Downtown/Civic Center|0|4
1097|(37.7553637880, -122.423547)|Mission|0|1
1098|(37.7373159491, -122.409400)|Bernal Heights|8|50
1099|-|Bayview|0|91
1100|(37.7558204802, -122.395144)|Potrero Hill|0|994
1101|(37.7130874301, -122.418990)|Visitacion Valley|915|915
1102|(37.7750508786, -122.390643)|Soma|0|152
1103|(37.7750508786, -122.390643)|Soma|0|198
1104|(37.7714570163, -122.390858)|Soma|0|200
1105|KGUY|Financial District|0|153
1106|(37.7109310022, -122.460240)|Ocean View|17|17
1107|(37.7757037635, -122.386135)|Soma|0|1500
1108|-|Financial District|141|390
1109|-|Financial District|0|545
1110|RESIDENTIAL- HOUSE, THREE FAMILY|Tom Hardy|1|-
1111|(37.7784409353, -122.413479)|Soma|74|501
1112|-|Soma|0|767
1113|(37.7828259203, -122.412155)|Downtown/Civic Center|4|37
1114|(37.7688995361, -122.437764)|Castro/Upper Market|0|1
1115|(37.7779257679, -122.413013)|Soma|83|550
1116|-|Financial District|85|85
1117|DOWNTOWN- RETAIL|Financial District|0|185
1118|(37.7116529684, -122.402222)|Visitacion Valley|168|1679
1119|(37.7589409885, -122.460782)|Inner Sunset|0|34
1120|(37.7597541361, -122.386994)|Potrero Hill|0|1100
1121|(37.8242837711, -122.370952)|Treasure Island/YBI|1800|7800
1122|(37.7736583179, -122.423699)|Western Addition|0|26
1123|(37.7753559271, -122.425374)|Western Addition|112|112
1124|KGUY|Financial District|0|112
1125|(37.7298349401, -122.370839)|Bayview|0|169
1126|(37.7298349401, -122.370839)|Bayview|0|117
1127|(37.7298349401, -122.370839)|Bayview|0|463
1128|DOWNTOWN- OFFICE (SPECIAL DEVELOPMENT)|Financial District|0|127
1129|(37.7716971210, -122.426147)|Western Addition|160|64
1130|(37.7219785978, -122.392538)|Bayview|0|1
1131|DOWNTOWN- OFFICE (SPECIAL DEVELOPMENT)|Financial District|50|334
1132|(37.7768070769, -122.414523)|Soma|0|312
1133|(37.7787104203, -122.493982)|Outer Richmond|0|1
1134|(37.7631762628, -122.436456)|Castro/Upper Market|0|1
1135|-|Bayview|0|55
1136|(37.7853672062, -122.393359)|Soma|25|179
1137|SMENDRIN|Bayview|0|591
1138|MIXED USE-RESIDENTIAL|Soma|2|15
1139|(37.7842982031, -122.415004)|Downtown/Civic Center|0|28
1140|(37.8017630001, -122.423730)|Russian Hill|0|16
1141|(37.7193826402, -122.384934)|Bayview|0|10244
1142|(37.7205047819, -122.483875)|Lakeshore|284|4666
1143|-|Bayview|0|980
1144|(37.7152862737, -122.475836)|Lakeshore|0|99
1145|(37.7440929892, -122.437331)|Noe Valley|0|3
